{
  "config": {
    "run_name": "exp1_2",
    "out_dir": "./results",
    "seed": 42,
    "device": null,
    "bs_train": 256,
    "bs_test": 64,
    "batches": 128,
    "epochs": 30,
    "early_stopping": 5,
    "checkpoints": null,
    "lr": 0.001,
    "reg": 0.01,
    "filters_per_layer": [
      64
    ],
    "pool_every": 4,
    "hidden_dims": [
      100
    ],
    "model_type": "cnn",
    "conv_params": {
      "kernel_size": 3,
      "padding": 1
    },
    "activation_type": "relu",
    "activation_params": {},
    "pooling_type": "max",
    "pooling_params": {
      "kernel_size": 2
    },
    "batchnorm": false,
    "dropout": 0,
    "bottleneck": false,
    "kw": {},
    "layers_per_block": 2
  },
  "results": {
    "num_epochs": 20,
    "train_loss": [
      1.834129118360579,
      1.513069230131805,
      1.406431371346116,
      1.357466354034841,
      1.319142907857895,
      1.2947945930063725,
      1.2705812491476536,
      1.2519690161570907,
      1.2299024323001504,
      1.2150079226121306,
      1.2041033077985048,
      1.1909905765205622,
      1.1718626832589507,
      1.1606864398345351,
      1.152424028608948,
      1.1398694473318756,
      1.132322249468416,
      1.117364342790097,
      1.1157268402166665,
      1.1019368572160602
    ],
    "train_acc": [
      34.063720703125,
      45.6512451171875,
      49.74365234375,
      51.800537109375,
      52.9693603515625,
      53.8665771484375,
      54.6966552734375,
      55.3314208984375,
      56.1553955078125,
      56.9091796875,
      57.4310302734375,
      57.952880859375,
      58.2305908203125,
      58.8043212890625,
      59.04541015625,
      59.5458984375,
      59.9090576171875,
      60.3729248046875,
      60.6597900390625,
      61.0382080078125
    ],
    "test_loss": [
      1.5963761946186423,
      1.4379070438444614,
      1.4480167841538787,
      1.4347137631848454,
      1.4058682788163424,
      1.384999138303101,
      1.3525835368782282,
      1.329520259052515,
      1.2978563494980335,
      1.2684814264066517,
      1.28834421467036,
      1.2726366817951202,
      1.2416678206063807,
      1.2427289285697043,
      1.2335913237184286,
      1.2409277553670108,
      1.2505360837094486,
      1.2352588651701808,
      1.2466281624510884,
      1.2336693606339395
    ],
    "test_acc": [
      41.796875,
      47.98583984375,
      47.47314453125,
      48.73046875,
      50.2685546875,
      50.8544921875,
      51.6845703125,
      52.99072265625,
      53.955078125,
      55.078125,
      53.16162109375,
      55.18798828125,
      56.2744140625,
      55.99365234375,
      56.62841796875,
      56.6162109375,
      55.8349609375,
      56.57958984375,
      55.92041015625,
      56.48193359375
    ]
  }
}