{
  "config": {
    "run_name": "exp1_4",
    "out_dir": "./results",
    "seed": 42,
    "device": null,
    "bs_train": 256,
    "bs_test": 64,
    "batches": 128,
    "epochs": 100,
    "early_stopping": 3,
    "checkpoints": null,
    "lr": 0.001,
    "reg": 0.001,
    "filters_per_layer": [
      32
    ],
    "pool_every": 8,
    "hidden_dims": [
      100
    ],
    "model_type": "resnet",
    "conv_params": {
      "kernel_size": 3,
      "padding": 1
    },
    "activation_type": "relu",
    "activation_params": {},
    "pooling_type": "max",
    "pooling_params": {
      "kernel_size": 2
    },
    "batchnorm": false,
    "dropout": 0,
    "bottleneck": false,
    "kw": {},
    "layers_per_block": 8
  },
  "results": {
    "num_epochs": 24,
    "train_loss": [
      1.8915634071454406,
      1.5623545413836837,
      1.4320770287886262,
      1.3420249447226524,
      1.283593250438571,
      1.2353243436664343,
      1.186079760082066,
      1.1392498221248388,
      1.095891353674233,
      1.0533533142879605,
      1.0164066781289876,
      0.9792883307673037,
      0.947882057633251,
      0.9224735437892377,
      0.9025531332008541,
      0.8412363822571933,
      0.7940999888814986,
      0.7494346685707569,
      0.7397702732123435,
      0.7418651934713125,
      0.6930256583727896,
      0.6709597697481513,
      0.6907386092934757,
      0.6639279143419117
    ],
    "train_acc": [
      32.293701171875,
      43.7042236328125,
      48.138427734375,
      51.7059326171875,
      53.9825439453125,
      55.8258056640625,
      57.6416015625,
      59.368896484375,
      60.9619140625,
      62.5823974609375,
      63.95263671875,
      65.472412109375,
      66.845703125,
      67.6361083984375,
      68.084716796875,
      70.526123046875,
      72.4365234375,
      73.9654541015625,
      74.06005859375,
      73.797607421875,
      75.5828857421875,
      76.4312744140625,
      75.4852294921875,
      76.4617919921875
    ],
    "test_loss": [
      1.6886153612285852,
      1.5213813837617636,
      1.425214591436088,
      1.3470331355929375,
      1.3197024632245302,
      1.3028652276843786,
      1.279861553106457,
      1.2228922815993428,
      1.1785974046215415,
      1.1485521588474512,
      1.114474043250084,
      1.1088552791625261,
      1.1294826110824943,
      1.091398254968226,
      1.0798288704827428,
      1.0775913964025676,
      1.0922029158100486,
      1.100986612495035,
      1.1422249991446733,
      1.102356901858002,
      1.1094722305424511,
      1.1213741209357977,
      1.1635631769895554,
      1.227054160553962
    ],
    "test_acc": [
      39.14794921875,
      43.8720703125,
      47.607421875,
      51.30615234375,
      52.38037109375,
      53.03955078125,
      53.94287109375,
      56.2744140625,
      57.666015625,
      59.3994140625,
      60.9619140625,
      60.546875,
      59.72900390625,
      61.58447265625,
      61.82861328125,
      62.09716796875,
      62.75634765625,
      62.744140625,
      61.7919921875,
      62.78076171875,
      62.82958984375,
      62.2314453125,
      61.12060546875,
      60.3271484375
    ]
  }
}