{
  "config": {
    "run_name": "exp1_3",
    "out_dir": "./results",
    "seed": 42,
    "device": null,
    "bs_train": 256,
    "bs_test": 64,
    "batches": 128,
    "epochs": 30,
    "early_stopping": 5,
    "checkpoints": null,
    "lr": 0.001,
    "reg": 0.01,
    "filters_per_layer": [
      64,
      128
    ],
    "pool_every": 4,
    "hidden_dims": [
      100
    ],
    "model_type": "cnn",
    "conv_params": {
      "kernel_size": 3,
      "padding": 1
    },
    "activation_type": "relu",
    "activation_params": {},
    "pooling_type": "max",
    "pooling_params": {
      "kernel_size": 2
    },
    "batchnorm": false,
    "dropout": 0,
    "bottleneck": false,
    "kw": {},
    "layers_per_block": 4
  },
  "results": {
    "num_epochs": 13,
    "train_loss": [
      2.3031317330896854,
      2.3027576375752687,
      2.302666215226054,
      2.302641423419118,
      2.3026360645890236,
      2.3026349507272243,
      2.302634736523032,
      2.302634658291936,
      2.302634658291936,
      2.3026346657425165,
      2.302634699270129,
      2.302634697407484,
      2.302634682506323
    ],
    "train_acc": [
      9.8876953125,
      9.796142578125,
      9.8541259765625,
      9.9090576171875,
      10.1348876953125,
      10.1348876953125,
      10.1348876953125,
      10.1348876953125,
      10.1348876953125,
      10.1348876953125,
      10.1348876953125,
      10.1348876953125,
      10.1348876953125
    ],
    "test_loss": [
      2.3026342913508415,
      2.302614325657487,
      2.302618332207203,
      2.302611930295825,
      2.302622973918915,
      2.3026160895824432,
      2.302620954811573,
      2.3025500867515802,
      2.302632598206401,
      2.3026917912065983,
      2.3026469945907593,
      2.302545890212059,
      2.3026055581867695
    ],
    "test_acc": [
      9.765625,
      10.0341796875,
      9.94873046875,
      9.97314453125,
      10.09521484375,
      9.912109375,
      9.765625,
      10.2294921875,
      9.9365234375,
      9.63134765625,
      9.8876953125,
      10.15625,
      9.92431640625
    ]
  }
}