{
  "config": {
    "run_name": "exp1_3",
    "out_dir": "./results",
    "seed": 42,
    "device": null,
    "bs_train": 256,
    "bs_test": 64,
    "batches": 128,
    "epochs": 30,
    "early_stopping": 5,
    "checkpoints": null,
    "lr": 0.001,
    "reg": 0.01,
    "filters_per_layer": [
      64,
      128
    ],
    "pool_every": 4,
    "hidden_dims": [
      100
    ],
    "model_type": "cnn",
    "conv_params": {
      "kernel_size": 3,
      "padding": 1
    },
    "activation_type": "relu",
    "activation_params": {},
    "pooling_type": "max",
    "pooling_params": {
      "kernel_size": 2
    },
    "batchnorm": false,
    "dropout": 0,
    "bottleneck": false,
    "kw": {},
    "layers_per_block": 2
  },
  "results": {
    "num_epochs": 30,
    "train_loss": [
      1.8367023952305317,
      1.5112890116870403,
      1.4115824364125729,
      1.3480172473937273,
      1.2886507781222463,
      1.2390216775238514,
      1.203108437359333,
      1.1797788692638278,
      1.14169158693403,
      1.1201642956584692,
      1.0970469010062516,
      1.0729104648344219,
      1.0515269050374627,
      1.0465607568621635,
      1.0386120490729809,
      1.0209353645332158,
      1.0135768931359053,
      0.9823130802251399,
      0.9831932247616351,
      0.961531141307205,
      0.9513014112599194,
      0.9446188677102327,
      0.9270633058622479,
      0.9184987479820848,
      0.9213159554637969,
      0.9050332647748291,
      0.899813583586365,
      0.8945689909160137,
      0.8945833551697433,
      0.8805328379385173
    ],
    "train_acc": [
      33.0535888671875,
      45.4010009765625,
      48.8067626953125,
      51.025390625,
      53.741455078125,
      55.6182861328125,
      57.09228515625,
      58.2122802734375,
      59.46044921875,
      60.0921630859375,
      61.175537109375,
      61.9659423828125,
      62.786865234375,
      62.774658203125,
      63.0035400390625,
      63.63525390625,
      64.0655517578125,
      65.118408203125,
      65.10009765625,
      65.9759521484375,
      66.265869140625,
      66.5771484375,
      67.138671875,
      67.4224853515625,
      67.2119140625,
      68.0419921875,
      68.2586669921875,
      68.377685546875,
      68.328857421875,
      68.8201904296875
    ],
    "test_loss": [
      1.5907653365284204,
      1.4927367558702826,
      1.4226971417665482,
      1.37203948199749,
      1.3472915841266513,
      1.3439959539100528,
      1.3024042332544923,
      1.2527630240656435,
      1.2501958487555385,
      1.2344107464887202,
      1.1990213743411005,
      1.159979356918484,
      1.2325985049828887,
      1.188268975354731,
      1.1772124622948468,
      1.1800330043770373,
      1.1544049968943,
      1.1956538041122258,
      1.146483308635652,
      1.1256472552195191,
      1.1115881367586553,
      1.119360993616283,
      1.1316169179044664,
      1.163046768400818,
      1.1258236393332481,
      1.135485840961337,
      1.1546523836441338,
      1.2292932141572237,
      1.1670626648701727,
      1.1745816310867667
    ],
    "test_acc": [
      43.45703125,
      46.044921875,
      48.86474609375,
      50.67138671875,
      52.40478515625,
      52.13623046875,
      53.77197265625,
      55.2734375,
      55.28564453125,
      56.57958984375,
      58.02001953125,
      58.49609375,
      56.57958984375,
      57.87353515625,
      58.26416015625,
      58.1298828125,
      59.87548828125,
      57.91015625,
      59.65576171875,
      60.36376953125,
      60.7666015625,
      60.53466796875,
      60.31494140625,
      59.4970703125,
      60.53466796875,
      60.9130859375,
      59.53369140625,
      57.53173828125,
      59.48486328125,
      59.55810546875
    ]
  }
}