{
  "config": {
    "run_name": "exp1_2",
    "out_dir": "./results",
    "seed": 42,
    "device": null,
    "bs_train": 256,
    "bs_test": 64,
    "batches": 128,
    "epochs": 30,
    "early_stopping": 5,
    "checkpoints": null,
    "lr": 0.001,
    "reg": 0.01,
    "filters_per_layer": [
      128
    ],
    "pool_every": 4,
    "hidden_dims": [
      100
    ],
    "model_type": "cnn",
    "conv_params": {
      "kernel_size": 3,
      "padding": 1
    },
    "activation_type": "relu",
    "activation_params": {},
    "pooling_type": "max",
    "pooling_params": {
      "kernel_size": 2
    },
    "batchnorm": false,
    "dropout": 0,
    "bottleneck": false,
    "kw": {},
    "layers_per_block": 2
  },
  "results": {
    "num_epochs": 30,
    "train_loss": [
      1.826903530396521,
      1.5328950621187687,
      1.4554317239671946,
      1.4063607892021537,
      1.3623703941702843,
      1.3248978899791837,
      1.2984908232465386,
      1.2727575181052089,
      1.2592456880956888,
      1.244723261334002,
      1.2300461698323488,
      1.2203524447977543,
      1.2080435426905751,
      1.1940614571794868,
      1.1844148198142648,
      1.1806608298793435,
      1.167675013653934,
      1.1516770934686065,
      1.143288251478225,
      1.146728306543082,
      1.1316685862839222,
      1.1236525820568204,
      1.1183701483532786,
      1.1072551780380309,
      1.102744531352073,
      1.1166012808680534,
      1.0823149434290826,
      1.0838654413819313,
      1.081168248783797,
      1.0680428631603718
    ],
    "train_acc": [
      35.46142578125,
      45.4010009765625,
      47.9034423828125,
      49.6734619140625,
      51.5167236328125,
      52.8350830078125,
      53.802490234375,
      54.791259765625,
      55.2337646484375,
      55.8349609375,
      56.3751220703125,
      56.53076171875,
      57.025146484375,
      57.5531005859375,
      58.0169677734375,
      58.1634521484375,
      58.4228515625,
      59.19189453125,
      59.5245361328125,
      59.08203125,
      59.796142578125,
      60.3179931640625,
      60.345458984375,
      60.9649658203125,
      61.126708984375,
      60.699462890625,
      61.785888671875,
      61.669921875,
      61.798095703125,
      62.286376953125
    ],
    "test_loss": [
      1.57843763474375,
      1.5451231943443418,
      1.4670280050486326,
      1.4368101870641112,
      1.4260964067652822,
      1.3911528596654534,
      1.3736116755753756,
      1.3275669924914837,
      1.3532348331063986,
      1.34086087718606,
      1.309698243625462,
      1.2969680936075747,
      1.2952002193778753,
      1.2795005217194557,
      1.2844589119777083,
      1.2982346629723907,
      1.264698691200465,
      1.2486347942613065,
      1.2717338558286428,
      1.2511288379319012,
      1.2423812276683748,
      1.2477846327237785,
      1.2301668971776962,
      1.310897025745362,
      1.241854892577976,
      1.2184854480437934,
      1.2338546412065625,
      1.2089677974581718,
      1.2385979141108692,
      1.2221392286010087
    ],
    "test_acc": [
      43.17626953125,
      43.5546875,
      47.00927734375,
      48.0224609375,
      48.7548828125,
      49.76806640625,
      50.59814453125,
      52.18505859375,
      51.45263671875,
      51.94091796875,
      53.06396484375,
      54.0283203125,
      54.4677734375,
      54.6630859375,
      54.94384765625,
      54.1015625,
      54.72412109375,
      55.55419921875,
      54.7119140625,
      55.70068359375,
      56.45751953125,
      55.615234375,
      56.16455078125,
      53.40576171875,
      56.298828125,
      56.689453125,
      56.43310546875,
      56.65283203125,
      55.76171875,
      56.70166015625
    ]
  }
}