{
  "config": {
    "run_name": "exp1_4",
    "out_dir": "./results",
    "seed": 42,
    "device": null,
    "bs_train": 256,
    "bs_test": 64,
    "batches": 128,
    "epochs": 100,
    "early_stopping": 3,
    "checkpoints": null,
    "lr": 0.001,
    "reg": 0.001,
    "filters_per_layer": [
      64,
      128,
      256
    ],
    "pool_every": 8,
    "hidden_dims": [
      100
    ],
    "model_type": "resnet",
    "conv_params": {
      "kernel_size": 3,
      "padding": 1
    },
    "activation_type": "relu",
    "activation_params": {},
    "pooling_type": "max",
    "pooling_params": {
      "kernel_size": 2
    },
    "batchnorm": false,
    "dropout": 0,
    "bottleneck": false,
    "kw": {},
    "layers_per_block": 4
  },
  "results": {
    "num_epochs": 15,
    "train_loss": [
      1.7537728026509285,
      1.4028801722452044,
      1.2841650117188692,
      1.192401741631329,
      1.117657547350973,
      1.0445577860809863,
      0.9927447764202952,
      0.9249801505357027,
      0.8677456867881119,
      0.8282077037729323,
      0.7884375005960464,
      0.7385999928228557,
      0.6776728723198175,
      0.6357641699723899,
      0.6221563268918544
    ],
    "train_acc": [
      36.80419921875,
      49.3865966796875,
      53.8848876953125,
      57.525634765625,
      60.1837158203125,
      63.0096435546875,
      65.0115966796875,
      67.620849609375,
      69.677734375,
      70.8709716796875,
      72.210693359375,
      73.9715576171875,
      76.239013671875,
      77.679443359375,
      78.2318115234375
    ],
    "test_loss": [
      1.5166772911325097,
      1.400477359071374,
      1.292849263176322,
      1.265448299702257,
      1.1450011478736997,
      1.1396399657242,
      1.0994031094014645,
      1.0785023388452828,
      1.0529745039530098,
      1.0387368137016892,
      1.0585292582400143,
      1.030836096033454,
      1.0559726092033088,
      1.0364265143871307,
      1.1155072315596044
    ],
    "test_acc": [
      45.703125,
      50.47607421875,
      53.74755859375,
      54.69970703125,
      58.87451171875,
      58.8134765625,
      60.68115234375,
      61.65771484375,
      62.56103515625,
      63.36669921875,
      62.98828125,
      64.0869140625,
      63.36669921875,
      63.916015625,
      62.78076171875
    ]
  }
}