{
  "config": {
    "run_name": "exp1_2",
    "out_dir": "./results",
    "seed": 42,
    "device": null,
    "bs_train": 256,
    "bs_test": 64,
    "batches": 128,
    "epochs": 30,
    "early_stopping": 5,
    "checkpoints": null,
    "lr": 0.001,
    "reg": 0.01,
    "filters_per_layer": [
      64
    ],
    "pool_every": 4,
    "hidden_dims": [
      100
    ],
    "model_type": "cnn",
    "conv_params": {
      "kernel_size": 3,
      "padding": 1
    },
    "activation_type": "relu",
    "activation_params": {},
    "pooling_type": "max",
    "pooling_params": {
      "kernel_size": 2
    },
    "batchnorm": false,
    "dropout": 0,
    "bottleneck": false,
    "kw": {},
    "layers_per_block": 8
  },
  "results": {
    "num_epochs": 9,
    "train_loss": [
      2.303414773195982,
      2.302907945588231,
      2.302788320928812,
      2.3027005959302187,
      2.302658772096038,
      2.302643336355686,
      2.302637903019786,
      2.3026359528303146,
      2.3026352114975452
    ],
    "train_acc": [
      9.85107421875,
      9.8419189453125,
      9.8358154296875,
      9.82666015625,
      9.5916748046875,
      10.015869140625,
      10.1348876953125,
      10.1348876953125,
      10.1348876953125
    ],
    "test_loss": [
      2.303151899948716,
      2.302728623151779,
      2.30262853205204,
      2.3025623708963394,
      2.3026802726089954,
      2.3025741279125214,
      2.302623054012656,
      2.302628682926297,
      2.3026666343212128
    ],
    "test_acc": [
      10.02197265625,
      10.0341796875,
      10.05859375,
      10.0830078125,
      9.8876953125,
      10.02197265625,
      10.02197265625,
      9.94873046875,
      9.8876953125
    ]
  }
}