{
  "config": {
    "run_name": "exp1_4",
    "out_dir": "./results",
    "seed": 42,
    "device": null,
    "bs_train": 256,
    "bs_test": 64,
    "batches": 128,
    "epochs": 30,
    "early_stopping": 5,
    "checkpoints": null,
    "lr": 0.001,
    "reg": 0.001,
    "filters_per_layer": [
      32
    ],
    "pool_every": 8,
    "hidden_dims": [
      100
    ],
    "model_type": "resnet",
    "conv_params": {
      "kernel_size": 3,
      "padding": 1
    },
    "activation_type": "relu",
    "activation_params": {},
    "pooling_type": "max",
    "pooling_params": {
      "kernel_size": 2
    },
    "batchnorm": false,
    "dropout": 0,
    "bottleneck": false,
    "kw": {},
    "layers_per_block": 8
  },
  "results": {
    "num_epochs": 21,
    "train_loss": [
      1.8903615400195122,
      1.5613639503717422,
      1.4235359262675047,
      1.339632955379784,
      1.2787047745659947,
      1.228106682188809,
      1.1698585525155067,
      1.1255429149605334,
      1.084491808898747,
      1.0425464492291212,
      1.0253943670541048,
      0.9897204213775694,
      0.9512286707758904,
      0.9187235212884843,
      0.8762994124554098,
      0.8403315390460193,
      0.8166476176120341,
      0.7874233792535961,
      0.761589904781431,
      0.7162528759799898,
      0.7140377541072667
    ],
    "train_acc": [
      32.373046875,
      43.9697265625,
      48.468017578125,
      51.776123046875,
      53.948974609375,
      56.0821533203125,
      58.3038330078125,
      60.028076171875,
      61.4654541015625,
      63.1256103515625,
      63.76953125,
      65.0115966796875,
      66.546630859375,
      67.8497314453125,
      69.3084716796875,
      70.672607421875,
      71.4630126953125,
      72.479248046875,
      73.2513427734375,
      75.0762939453125,
      74.81689453125
    ],
    "test_loss": [
      1.717796890065074,
      1.5304590072482824,
      1.403871321119368,
      1.353610790334642,
      1.3135596485808492,
      1.27833494823426,
      1.237226563040167,
      1.2185263223946095,
      1.1708755395375192,
      1.1646329048089683,
      1.13639731798321,
      1.1632950063794851,
      1.1097571700811386,
      1.0790862371213734,
      1.079101364593953,
      1.0876770061440766,
      1.1076163426041603,
      1.102909840643406,
      1.1209417046047747,
      1.145318957976997,
      1.1571973296813667
    ],
    "test_acc": [
      37.53662109375,
      43.24951171875,
      48.828125,
      50.927734375,
      52.63671875,
      53.90625,
      55.4931640625,
      55.908203125,
      58.2275390625,
      58.6181640625,
      59.1552734375,
      58.67919921875,
      60.90087890625,
      61.9140625,
      61.8408203125,
      62.060546875,
      61.24267578125,
      61.65771484375,
      61.71875,
      61.80419921875,
      61.03515625
    ]
  }
}