{
  "config": {
    "run_name": "exp1_4",
    "out_dir": "./results",
    "seed": 42,
    "device": null,
    "bs_train": 256,
    "bs_test": 64,
    "batches": 128,
    "epochs": 100,
    "early_stopping": 3,
    "checkpoints": null,
    "lr": 0.001,
    "reg": 0.001,
    "filters_per_layer": [
      32
    ],
    "pool_every": 8,
    "hidden_dims": [
      100
    ],
    "model_type": "resnet",
    "conv_params": {
      "kernel_size": 3,
      "padding": 1
    },
    "activation_type": "relu",
    "activation_params": {},
    "pooling_type": "max",
    "pooling_params": {
      "kernel_size": 2
    },
    "batchnorm": false,
    "dropout": 0,
    "bottleneck": false,
    "kw": {},
    "layers_per_block": 16
  },
  "results": {
    "num_epochs": 14,
    "train_loss": [
      1.9676813576370478,
      1.6208994016051292,
      1.4859743770211935,
      1.404485653154552,
      1.3228261675685644,
      1.2621093755587935,
      1.188049609772861,
      1.1195870731025934,
      1.0536576444283128,
      0.9982338673435152,
      0.952671489212662,
      0.9212651653215289,
      0.8895615395158529,
      0.8435903387144208
    ],
    "train_acc": [
      28.7078857421875,
      41.7022705078125,
      46.038818359375,
      49.2950439453125,
      52.2125244140625,
      54.7119140625,
      57.94677734375,
      60.4248046875,
      62.677001953125,
      64.7674560546875,
      66.3421630859375,
      67.59033203125,
      68.5791015625,
      70.5169677734375
    ],
    "test_loss": [
      1.7465355694293976,
      1.5516388406977057,
      1.4530076747760177,
      1.3625922538340092,
      1.370860799215734,
      1.2719094045460224,
      1.2010606653057039,
      1.1590538891032338,
      1.1594193172641098,
      1.1218167808838189,
      1.0978813120163977,
      1.1159799806773663,
      1.1244489108212292,
      1.129907595925033
    ],
    "test_acc": [
      39.013671875,
      44.4580078125,
      48.1689453125,
      50.79345703125,
      51.50146484375,
      54.47998046875,
      57.14111328125,
      58.26416015625,
      58.88671875,
      60.3515625,
      61.29150390625,
      60.53466796875,
      60.8642578125,
      60.92529296875
    ]
  }
}