{
  "config": {
    "run_name": "exp1_4",
    "out_dir": "./results",
    "seed": 42,
    "device": null,
    "bs_train": 256,
    "bs_test": 64,
    "batches": 128,
    "epochs": 100,
    "early_stopping": 3,
    "checkpoints": null,
    "lr": 0.001,
    "reg": 0.001,
    "filters_per_layer": [
      64,
      128,
      256
    ],
    "pool_every": 8,
    "hidden_dims": [
      100
    ],
    "model_type": "resnet",
    "conv_params": {
      "kernel_size": 3,
      "padding": 1
    },
    "activation_type": "relu",
    "activation_params": {},
    "pooling_type": "max",
    "pooling_params": {
      "kernel_size": 2
    },
    "batchnorm": false,
    "dropout": 0,
    "bottleneck": false,
    "kw": {},
    "layers_per_block": 2
  },
  "results": {
    "num_epochs": 15,
    "train_loss": [
      2.053838176652789,
      1.507343903183937,
      1.3615574641153216,
      1.255775198340416,
      1.153452311642468,
      1.0685691256076097,
      1.0048516560345888,
      0.9556714971549809,
      0.9115166962146759,
      0.8770021898671985,
      0.8356590587645769,
      0.7651737360283732,
      0.7095197206363082,
      0.6769396956078708,
      0.6539866104722023
    ],
    "train_acc": [
      33.67919921875,
      45.6024169921875,
      51.0894775390625,
      55.0201416015625,
      58.990478515625,
      62.02392578125,
      64.35546875,
      66.2689208984375,
      67.840576171875,
      69.04296875,
      70.703125,
      73.223876953125,
      75.1739501953125,
      76.3275146484375,
      76.8585205078125
    ],
    "test_loss": [
      1.6076925192028284,
      1.4576585963368416,
      1.3447629413567483,
      1.332855668850243,
      1.1790252500213683,
      1.1551636401563883,
      1.1616517319343984,
      1.1139378231018782,
      1.0849118372425437,
      1.0168767105787992,
      1.0280909230932593,
      0.9934854782186449,
      1.0208237166516483,
      1.0413025887683034,
      1.029885467607528
    ],
    "test_acc": [
      42.19970703125,
      47.88818359375,
      51.953125,
      52.3193359375,
      57.2998046875,
      58.63037109375,
      59.1064453125,
      60.09521484375,
      61.4013671875,
      64.07470703125,
      63.58642578125,
      65.61279296875,
      64.4287109375,
      64.80712890625,
      64.4775390625
    ]
  }
}