{
  "config": {
    "run_name": "exp1_1",
    "out_dir": "./results",
    "seed": 42,
    "device": null,
    "bs_train": 256,
    "bs_test": 64,
    "batches": 128,
    "epochs": 30,
    "early_stopping": 5,
    "checkpoints": null,
    "lr": 0.001,
    "reg": 0.01,
    "filters_per_layer": [
      64
    ],
    "pool_every": 4,
    "hidden_dims": [
      100
    ],
    "model_type": "cnn",
    "conv_params": {
      "kernel_size": 3,
      "padding": 1
    },
    "activation_type": "relu",
    "activation_params": {},
    "pooling_type": "max",
    "pooling_params": {
      "kernel_size": 2
    },
    "batchnorm": false,
    "dropout": 0,
    "bottleneck": false,
    "kw": {},
    "layers_per_block": 8
  },
  "results": {
    "num_epochs": 9,
    "train_loss": [
      2.3034148048609495,
      2.302907884120941,
      2.302788270637393,
      2.3027004878968,
      2.302658712491393,
      2.302643308416009,
      2.3026379123330116,
      2.3026359397917986,
      2.3026351928710938
    ],
    "train_acc": [
      9.85107421875,
      9.8419189453125,
      9.7991943359375,
      9.82666015625,
      9.5916748046875,
      10.015869140625,
      10.1348876953125,
      10.1348876953125,
      10.1348876953125
    ],
    "test_loss": [
      2.3031519148498774,
      2.302728697657585,
      2.3026283010840416,
      2.3025621622800827,
      2.3026803955435753,
      2.3025742284953594,
      2.3026230670511723,
      2.302628679201007,
      2.3026666715741158
    ],
    "test_acc": [
      10.02197265625,
      10.0341796875,
      10.05859375,
      10.0830078125,
      9.8876953125,
      10.02197265625,
      10.02197265625,
      9.94873046875,
      9.8876953125
    ]
  }
}