{
  "config": {
    "run_name": "exp1_1",
    "out_dir": "./results",
    "seed": 42,
    "device": null,
    "bs_train": 256,
    "bs_test": 64,
    "batches": 128,
    "epochs": 30,
    "early_stopping": 5,
    "checkpoints": null,
    "lr": 0.001,
    "reg": 0.01,
    "filters_per_layer": [
      64
    ],
    "pool_every": 4,
    "hidden_dims": [
      100
    ],
    "model_type": "cnn",
    "conv_params": {
      "kernel_size": 3,
      "padding": 1
    },
    "activation_type": "relu",
    "activation_params": {},
    "pooling_type": "max",
    "pooling_params": {
      "kernel_size": 2
    },
    "batchnorm": false,
    "dropout": 0,
    "bottleneck": false,
    "kw": {},
    "layers_per_block": 2
  },
  "results": {
    "num_epochs": 27,
    "train_loss": [
      1.8356911083683372,
      1.5115853371098638,
      1.4147720634937286,
      1.3619079925119877,
      1.3188796574249864,
      1.290969760157168,
      1.2695008227601647,
      1.251854213885963,
      1.2346194628626108,
      1.2245281049981713,
      1.2119692703709006,
      1.2052128808572888,
      1.1829613512381911,
      1.169931536540389,
      1.1614652695134282,
      1.1494857603684068,
      1.144897062331438,
      1.1318653454072773,
      1.1226238324306905,
      1.1124318623915315,
      1.110025520902127,
      1.0986073422245681,
      1.0872139413841069,
      1.0973302386701107,
      1.0691886260174215,
      1.0631673485040665,
      1.0670437179505825
    ],
    "train_acc": [
      33.7982177734375,
      45.550537109375,
      49.2767333984375,
      51.4678955078125,
      53.009033203125,
      54.1168212890625,
      55.029296875,
      55.6182861328125,
      56.2744140625,
      56.38427734375,
      57.0159912109375,
      57.1044921875,
      57.8948974609375,
      58.2275390625,
      58.70361328125,
      59.04541015625,
      59.375,
      59.7900390625,
      60.02197265625,
      60.38818359375,
      60.5194091796875,
      60.8367919921875,
      61.3525390625,
      61.212158203125,
      62.078857421875,
      62.40234375,
      62.445068359375
    ],
    "test_loss": [
      1.6039657220244408,
      1.4975022375583649,
      1.4636654742062092,
      1.4520309874787927,
      1.411945765838027,
      1.393602654337883,
      1.37134868837893,
      1.3460335144773126,
      1.3405173979699612,
      1.297617657110095,
      1.299284772016108,
      1.256481840275228,
      1.2626238991506398,
      1.270312043838203,
      1.245915756560862,
      1.2561923847533762,
      1.2668805290013552,
      1.2443623119033873,
      1.2248091571964324,
      1.2244565994478762,
      1.2075544269755483,
      1.1935717738233507,
      1.216344386804849,
      1.2157288454473019,
      1.2068435591645539,
      1.2038766983896494,
      1.1945481360889971
    ],
    "test_acc": [
      41.9189453125,
      45.93505859375,
      46.83837890625,
      47.9248046875,
      49.951171875,
      50.84228515625,
      51.67236328125,
      52.30712890625,
      52.7099609375,
      53.9794921875,
      53.99169921875,
      55.8349609375,
      55.48095703125,
      55.38330078125,
      56.26220703125,
      56.0791015625,
      55.3466796875,
      56.4697265625,
      57.03125,
      57.03125,
      57.28759765625,
      58.14208984375,
      57.48291015625,
      56.884765625,
      57.65380859375,
      57.71484375,
      57.91015625
    ]
  }
}