{
  "config": {
    "run_name": "exp1_3",
    "out_dir": "./results",
    "seed": 42,
    "device": null,
    "bs_train": 256,
    "bs_test": 64,
    "batches": 128,
    "epochs": 30,
    "early_stopping": 5,
    "checkpoints": null,
    "lr": 0.001,
    "reg": 0.01,
    "filters_per_layer": [
      64,
      128
    ],
    "pool_every": 4,
    "hidden_dims": [
      100
    ],
    "model_type": "cnn",
    "conv_params": {
      "kernel_size": 3,
      "padding": 1
    },
    "activation_type": "relu",
    "activation_params": {},
    "pooling_type": "max",
    "pooling_params": {
      "kernel_size": 2
    },
    "batchnorm": false,
    "dropout": 0,
    "bottleneck": false,
    "kw": {},
    "layers_per_block": 3
  },
  "results": {
    "num_epochs": 13,
    "train_loss": [
      2.303550209850073,
      2.302902329713106,
      2.30274161696434,
      2.302669834345579,
      2.3026441615074873,
      2.3026371765881777,
      2.302635356783867,
      2.30263483338058,
      2.302634758874774,
      2.302634699270129,
      2.3026346527040005,
      2.302634686231613,
      2.302634682506323
    ],
    "train_acc": [
      9.7442626953125,
      10.0738525390625,
      10.1348876953125,
      10.1348876953125,
      10.1348876953125,
      10.1348876953125,
      10.1348876953125,
      10.1348876953125,
      10.1348876953125,
      10.1348876953125,
      10.1348876953125,
      10.1348876953125,
      10.1348876953125
    ],
    "test_loss": [
      2.3029207177460194,
      2.302854111418128,
      2.3026667274534702,
      2.3026742674410343,
      2.3026065435260534,
      2.3025898449122906,
      2.3026380464434624,
      2.302576230838895,
      2.3026412278413773,
      2.3026023861020803,
      2.3026388697326183,
      2.3026369903236628,
      2.302624087780714
    ],
    "test_acc": [
      9.9609375,
      9.97314453125,
      10.02197265625,
      9.765625,
      9.99755859375,
      10.02197265625,
      9.8388671875,
      10.2294921875,
      9.82666015625,
      9.86328125,
      9.86328125,
      9.80224609375,
      9.765625
    ]
  }
}