{
  "config": {
    "run_name": "exp1_3",
    "out_dir": "./results",
    "seed": 42,
    "device": null,
    "bs_train": 256,
    "bs_test": 64,
    "batches": 128,
    "epochs": 30,
    "early_stopping": 5,
    "checkpoints": null,
    "lr": 0.001,
    "reg": 0.01,
    "filters_per_layer": [
      64,
      128
    ],
    "pool_every": 4,
    "hidden_dims": [
      100
    ],
    "model_type": "cnn",
    "conv_params": {
      "kernel_size": 3,
      "padding": 1
    },
    "activation_type": "relu",
    "activation_params": {},
    "pooling_type": "max",
    "pooling_params": {
      "kernel_size": 2
    },
    "batchnorm": false,
    "dropout": 0,
    "bottleneck": false,
    "kw": {},
    "layers_per_block": 3
  },
  "results": {
    "num_epochs": 13,
    "train_loss": [
      2.3035729192197323,
      2.302903924137354,
      2.3027391228824854,
      2.302667759358883,
      2.302643623203039,
      2.3026369735598564,
      2.302635259926319,
      2.3026348426938057,
      2.3026347160339355,
      2.3026346899569035,
      2.3026346527040005,
      2.3026346396654844,
      2.302634682506323
    ],
    "train_acc": [
      9.881591796875,
      10.0921630859375,
      10.1348876953125,
      10.1348876953125,
      10.1348876953125,
      10.1348876953125,
      10.1348876953125,
      10.1348876953125,
      10.1348876953125,
      10.1348876953125,
      10.1348876953125,
      10.1348876953125,
      10.1348876953125
    ],
    "test_loss": [
      2.302922574803233,
      2.3028376419097185,
      2.302663316950202,
      2.302671104669571,
      2.302606174722314,
      2.302589999511838,
      2.302638066932559,
      2.3025764003396034,
      2.302641151472926,
      2.3026024885475636,
      2.3026388064026833,
      2.3026368860155344,
      2.30262416228652
    ],
    "test_acc": [
      9.9609375,
      9.97314453125,
      10.02197265625,
      9.765625,
      9.99755859375,
      10.02197265625,
      9.8388671875,
      10.2294921875,
      9.82666015625,
      9.86328125,
      9.86328125,
      9.80224609375,
      9.765625
    ]
  }
}