{
  "config": {
    "run_name": "exp1_1",
    "out_dir": "./results",
    "seed": 42,
    "device": null,
    "bs_train": 256,
    "bs_test": 64,
    "batches": 128,
    "epochs": 30,
    "early_stopping": 5,
    "checkpoints": null,
    "lr": 0.001,
    "reg": 0.01,
    "filters_per_layer": [
      64
    ],
    "pool_every": 4,
    "hidden_dims": [
      100
    ],
    "model_type": "cnn",
    "conv_params": {
      "kernel_size": 3,
      "padding": 1
    },
    "activation_type": "relu",
    "activation_params": {},
    "pooling_type": "max",
    "pooling_params": {
      "kernel_size": 2
    },
    "batchnorm": false,
    "dropout": 0,
    "bottleneck": false,
    "kw": {},
    "layers_per_block": 16
  },
  "results": {
    "num_epochs": 10,
    "train_loss": [
      2.3037292156368494,
      2.302956959232688,
      2.3028015810996294,
      2.3027001470327377,
      2.302653471007943,
      2.3026394080370665,
      2.302635882049799,
      2.3026349283754826,
      2.302634632214904,
      2.3026345297694206
    ],
    "train_acc": [
      9.8297119140625,
      9.8724365234375,
      9.808349609375,
      9.77783203125,
      9.7381591796875,
      10.064697265625,
      10.1348876953125,
      10.1348876953125,
      10.1348876953125,
      10.1348876953125
    ],
    "test_loss": [
      2.303023165091872,
      2.3028949331492186,
      2.3025951869785786,
      2.3026073537766933,
      2.302554691210389,
      2.3026116844266653,
      2.302632339298725,
      2.302615338936448,
      2.3026093244552612,
      2.3026238568127155
    ],
    "test_acc": [
      9.94873046875,
      9.814453125,
      10.11962890625,
      10.07080078125,
      10.302734375,
      9.9365234375,
      10.07080078125,
      10.107421875,
      10.09521484375,
      9.87548828125
    ]
  }
}