{
  "config": {
    "run_name": "exp1_4",
    "out_dir": "./results",
    "seed": 42,
    "device": null,
    "bs_train": 256,
    "bs_test": 64,
    "batches": 128,
    "epochs": 100,
    "early_stopping": 3,
    "checkpoints": null,
    "lr": 0.001,
    "reg": 0.001,
    "filters_per_layer": [
      32
    ],
    "pool_every": 8,
    "hidden_dims": [
      100
    ],
    "model_type": "resnet",
    "conv_params": {
      "kernel_size": 3,
      "padding": 1
    },
    "activation_type": "relu",
    "activation_params": {},
    "pooling_type": "max",
    "pooling_params": {
      "kernel_size": 2
    },
    "batchnorm": false,
    "dropout": 0,
    "bottleneck": false,
    "kw": {},
    "layers_per_block": 32
  },
  "results": {
    "num_epochs": 38,
    "train_loss": [
      2.0964338006451726,
      1.7478247843682766,
      1.6352008059620857,
      1.5570338312536478,
      1.495534292422235,
      1.4491572231054306,
      1.3974422104656696,
      1.356321987695992,
      1.320015911012888,
      1.2931201085448265,
      1.2664403263479471,
      1.2377267628908157,
      1.2106002122163773,
      1.1841215109452605,
      1.1631452459841967,
      1.1383422669023275,
      1.1177094671875238,
      1.0985527196899056,
      1.0820610863156617,
      1.0647109616547823,
      1.0575626748614013,
      1.0372230615466833,
      1.0232748547568917,
      1.0081237368285656,
      0.9978867513127625,
      0.9834777191281319,
      0.9682314568199217,
      0.9629597319290042,
      0.9519129791297019,
      0.9401565720327199,
      0.9281941871158779,
      0.9208582094870508,
      0.9078023377805948,
      0.8984776488505304,
      0.8936233823187649,
      0.8828169675543904,
      0.8873853338882327,
      0.8769664126448333
    ],
    "train_acc": [
      23.388671875,
      35.24169921875,
      39.410400390625,
      42.510986328125,
      44.81201171875,
      46.9451904296875,
      49.078369140625,
      50.634765625,
      52.0660400390625,
      53.2318115234375,
      54.2205810546875,
      55.3314208984375,
      56.2713623046875,
      57.16552734375,
      58.19091796875,
      59.3292236328125,
      60.0128173828125,
      60.8917236328125,
      61.395263671875,
      62.0880126953125,
      62.39013671875,
      63.1134033203125,
      63.63525390625,
      64.1754150390625,
      64.6148681640625,
      65.2099609375,
      65.679931640625,
      65.8416748046875,
      66.1895751953125,
      66.95556640625,
      67.3187255859375,
      67.486572265625,
      67.8558349609375,
      68.218994140625,
      68.4051513671875,
      68.8629150390625,
      68.4112548828125,
      68.8812255859375
    ],
    "test_loss": [
      1.912817532196641,
      1.7041660398244858,
      1.5976658267900348,
      1.5143605209887028,
      1.5205242661759257,
      1.4360574753955007,
      1.4112038053572178,
      1.4083844115957618,
      1.4170965598896146,
      1.3632995011284947,
      1.369955888018012,
      1.3442439464852214,
      1.3102068263106048,
      1.3108860338106751,
      1.3103876458480954,
      1.2586044273339212,
      1.2380217020399868,
      1.210069193970412,
      1.2198735903948545,
      1.142575758509338,
      1.127777929417789,
      1.1224560816772282,
      1.1078807087615132,
      1.1097982577048242,
      1.1344478181563318,
      1.1025262414477766,
      1.0748541792854667,
      1.0601661684922874,
      1.0300354887731373,
      1.0268908413127065,
      1.0238598426803946,
      1.0064115822315216,
      1.0203765942715108,
      1.0204681362956762,
      1.0041889967396855,
      0.9934418397024274,
      1.0071716788224876,
      1.0103539419360459
    ],
    "test_acc": [
      27.2705078125,
      35.68115234375,
      40.2099609375,
      43.115234375,
      43.6279296875,
      47.03369140625,
      48.08349609375,
      47.96142578125,
      47.69287109375,
      49.4384765625,
      49.951171875,
      50.634765625,
      52.6611328125,
      52.7099609375,
      53.662109375,
      55.0537109375,
      55.72509765625,
      57.09228515625,
      57.177734375,
      59.11865234375,
      59.6923828125,
      60.5712890625,
      60.51025390625,
      60.60791015625,
      60.14404296875,
      60.7666015625,
      62.3046875,
      62.29248046875,
      63.2568359375,
      63.70849609375,
      63.90380859375,
      64.1845703125,
      63.70849609375,
      64.111328125,
      64.6484375,
      64.46533203125,
      64.00146484375,
      63.5498046875
    ]
  }
}