{
  "config": {
    "run_name": "exp1_3",
    "out_dir": "./results",
    "seed": 42,
    "device": null,
    "bs_train": 256,
    "bs_test": 64,
    "batches": 128,
    "epochs": 30,
    "early_stopping": 5,
    "checkpoints": null,
    "lr": 0.001,
    "reg": 0.01,
    "filters_per_layer": [
      64,
      128
    ],
    "pool_every": 4,
    "hidden_dims": [
      100
    ],
    "model_type": "cnn",
    "conv_params": {
      "kernel_size": 3,
      "padding": 1
    },
    "activation_type": "relu",
    "activation_params": {},
    "pooling_type": "max",
    "pooling_params": {
      "kernel_size": 2
    },
    "batchnorm": false,
    "dropout": 0,
    "bottleneck": false,
    "kw": {},
    "layers_per_block": 4
  },
  "results": {
    "num_epochs": 13,
    "train_loss": [
      2.3031319677829742,
      2.302757678553462,
      2.3026661928743124,
      2.302641412243247,
      2.3026360608637333,
      2.3026349507272243,
      2.302634734660387,
      2.3026346564292908,
      2.30263464525342,
      2.302634669467807,
      2.302634699270129,
      2.3026346936821938,
      2.302634684368968
    ],
    "train_acc": [
      9.8876953125,
      9.796142578125,
      9.8541259765625,
      9.9090576171875,
      10.1348876953125,
      10.1348876953125,
      10.1348876953125,
      10.1348876953125,
      10.1348876953125,
      10.1348876953125,
      10.1348876953125,
      10.1348876953125,
      10.1348876953125
    ],
    "test_loss": [
      2.302633948624134,
      2.30261411704123,
      2.302618322893977,
      2.302611790597439,
      2.302622901275754,
      2.302616126835346,
      2.3026209361851215,
      2.3025500550866127,
      2.302632639184594,
      2.3026917967945337,
      2.3026469945907593,
      2.302545890212059,
      2.3026055432856083
    ],
    "test_acc": [
      9.765625,
      10.0341796875,
      9.94873046875,
      9.97314453125,
      10.09521484375,
      9.912109375,
      9.765625,
      10.2294921875,
      9.9365234375,
      9.63134765625,
      9.8876953125,
      10.15625,
      9.92431640625
    ]
  }
}