{
  "config": {
    "run_name": "exp1_4",
    "out_dir": "./results",
    "seed": 42,
    "device": null,
    "bs_train": 256,
    "bs_test": 64,
    "batches": 128,
    "epochs": 30,
    "early_stopping": 5,
    "checkpoints": null,
    "lr": 0.001,
    "reg": 0.01,
    "filters_per_layer": [
      64,
      128,
      256
    ],
    "pool_every": 8,
    "hidden_dims": [
      100
    ],
    "model_type": "resnet",
    "conv_params": {
      "kernel_size": 3,
      "padding": 1
    },
    "activation_type": "relu",
    "activation_params": {},
    "pooling_type": "max",
    "pooling_params": {
      "kernel_size": 2
    },
    "batchnorm": false,
    "dropout": 0,
    "bottleneck": false,
    "kw": {},
    "layers_per_block": 2
  },
  "results": {
    "num_epochs": 30,
    "train_loss": [
      2.1100650765001774,
      1.5876850681379437,
      1.494042718783021,
      1.4192233961075544,
      1.3621246870607138,
      1.3302904283627868,
      1.28683590143919,
      1.2531379852443933,
      1.202828706242144,
      1.1724222972989082,
      1.1454001632519066,
      1.1317229773849249,
      1.1152585693635046,
      1.1067537227645516,
      1.096322970930487,
      1.078616936225444,
      1.0702087967656553,
      1.062769137788564,
      1.0518422275781631,
      1.04515237826854,
      1.0376766263507307,
      1.030396746005863,
      1.0224335305392742,
      1.0191492862068117,
      1.0244485842995346,
      1.00451227882877,
      1.0008638743311167,
      0.9980631377547979,
      0.9888423271477222,
      0.9924895246513188
    ],
    "train_acc": [
      30.89599609375,
      42.755126953125,
      46.0540771484375,
      48.6572265625,
      50.6622314453125,
      52.33154296875,
      54.0618896484375,
      55.2337646484375,
      56.9915771484375,
      58.2366943359375,
      59.1705322265625,
      59.521484375,
      60.2142333984375,
      60.528564453125,
      60.82763671875,
      61.6912841796875,
      62.0025634765625,
      62.4114990234375,
      62.5946044921875,
      63.0218505859375,
      63.2415771484375,
      63.385009765625,
      63.6444091796875,
      63.87939453125,
      63.5498046875,
      64.12353515625,
      64.483642578125,
      64.41650390625,
      65.0177001953125,
      64.73388671875
    ],
    "test_loss": [
      1.6300962399691343,
      1.5620225705206394,
      1.467231928370893,
      1.4765300760045648,
      1.3819281999021769,
      1.381479254923761,
      1.3069279231131077,
      1.2909204913303256,
      1.2298000501468778,
      1.1715836506336927,
      1.176199329085648,
      1.1890254956670105,
      1.2156212674453855,
      1.1754475999623537,
      1.1451467354781926,
      1.1690519275143743,
      1.160458769183606,
      1.1165446727536619,
      1.1453716801479459,
      1.1331306947395205,
      1.1797046628780663,
      1.1148916142992675,
      1.1194917438551784,
      1.1129097719676793,
      1.1127720684744418,
      1.0993083692155778,
      1.110933712683618,
      1.0952129228971899,
      1.057128160726279,
      1.055065686814487
    ],
    "test_acc": [
      41.41845703125,
      45.1171875,
      47.27783203125,
      46.77734375,
      50.23193359375,
      50.64697265625,
      53.8818359375,
      54.16259765625,
      56.70166015625,
      58.28857421875,
      58.5205078125,
      57.71484375,
      57.04345703125,
      58.33740234375,
      59.5703125,
      58.19091796875,
      58.88671875,
      60.11962890625,
      59.31396484375,
      60.24169921875,
      58.4228515625,
      60.6689453125,
      60.14404296875,
      61.3525390625,
      60.7421875,
      60.986328125,
      60.90087890625,
      61.58447265625,
      62.29248046875,
      62.85400390625
    ]
  }
}