{
  "config": {
    "run_name": "exp1_3",
    "out_dir": "./results",
    "seed": 42,
    "device": null,
    "bs_train": 256,
    "bs_test": 64,
    "batches": 128,
    "epochs": 30,
    "early_stopping": 5,
    "checkpoints": null,
    "lr": 0.001,
    "reg": 0.01,
    "filters_per_layer": [
      64,
      128
    ],
    "pool_every": 4,
    "hidden_dims": [
      100
    ],
    "model_type": "cnn",
    "conv_params": {
      "kernel_size": 3,
      "padding": 1
    },
    "activation_type": "relu",
    "activation_params": {},
    "pooling_type": "max",
    "pooling_params": {
      "kernel_size": 2
    },
    "batchnorm": false,
    "dropout": 0,
    "bottleneck": false,
    "kw": {},
    "layers_per_block": 2
  },
  "results": {
    "num_epochs": 22,
    "train_loss": [
      1.831385439261794,
      1.5216130847111344,
      1.4171225614845753,
      1.3471784917637706,
      1.2920258892700076,
      1.2526625515893102,
      1.2107521807774901,
      1.1731573715806007,
      1.1457721428014338,
      1.116037838626653,
      1.0933416089974344,
      1.0753927431069314,
      1.0465503144077957,
      1.036104335449636,
      1.0201922254636884,
      1.002193035557866,
      0.9919483214616776,
      0.9815892125479877,
      0.9647736912593246,
      0.9661538489162922,
      0.9515230250544846,
      0.945478752721101
    ],
    "train_acc": [
      33.3709716796875,
      44.866943359375,
      48.6053466796875,
      51.556396484375,
      53.2989501953125,
      55.181884765625,
      56.9244384765625,
      58.2183837890625,
      59.4970703125,
      60.5926513671875,
      61.346435546875,
      61.6424560546875,
      62.9608154296875,
      63.3880615234375,
      63.9251708984375,
      64.5111083984375,
      64.8101806640625,
      65.423583984375,
      65.8721923828125,
      65.7806396484375,
      66.522216796875,
      67.0166015625
    ],
    "test_loss": [
      1.6248467778787017,
      1.4698065211996436,
      1.445628765039146,
      1.416042996570468,
      1.326924255117774,
      1.3175052385777235,
      1.2396711180917919,
      1.280677555128932,
      1.2290973383933306,
      1.2180127776227891,
      1.2006387575529516,
      1.1862483764998615,
      1.187603413593024,
      1.1713982322253287,
      1.150275569409132,
      1.165543562732637,
      1.1606853008270264,
      1.1957063730806112,
      1.173612171318382,
      1.2030122657306492,
      1.1869627959094942,
      1.1914488631300628
    ],
    "test_acc": [
      41.11328125,
      46.826171875,
      48.52294921875,
      49.609375,
      52.63671875,
      52.978515625,
      56.23779296875,
      54.296875,
      56.4208984375,
      56.689453125,
      57.16552734375,
      58.04443359375,
      58.09326171875,
      59.04541015625,
      59.3017578125,
      59.08203125,
      59.375,
      57.58056640625,
      59.04541015625,
      57.3486328125,
      58.14208984375,
      57.84912109375
    ]
  }
}