{
  "config": {
    "run_name": "exp1_2",
    "out_dir": "./results",
    "seed": 42,
    "device": null,
    "bs_train": 256,
    "bs_test": 64,
    "batches": 128,
    "epochs": 30,
    "early_stopping": 5,
    "checkpoints": null,
    "lr": 0.001,
    "reg": 0.01,
    "filters_per_layer": [
      32
    ],
    "pool_every": 4,
    "hidden_dims": [
      100
    ],
    "model_type": "cnn",
    "conv_params": {
      "kernel_size": 3,
      "padding": 1
    },
    "activation_type": "relu",
    "activation_params": {},
    "pooling_type": "max",
    "pooling_params": {
      "kernel_size": 2
    },
    "batchnorm": false,
    "dropout": 0,
    "bottleneck": false,
    "kw": {},
    "layers_per_block": 4
  },
  "results": {
    "num_epochs": 30,
    "train_loss": [
      1.987731121480465,
      1.659188449382782,
      1.5421873591840267,
      1.4784954395145178,
      1.4319139439612627,
      1.3906691372394562,
      1.3596218414604664,
      1.326633800752461,
      1.2991864159703255,
      1.2786167962476611,
      1.2566655967384577,
      1.2371688410639763,
      1.2273150207474828,
      1.206643346697092,
      1.1882241312414408,
      1.1699943970888853,
      1.15200764965266,
      1.1425236836075783,
      1.1305413069203496,
      1.1160633745603263,
      1.0985597418621182,
      1.0805231602862477,
      1.0700698704458773,
      1.0586740556173027,
      1.0400868812575936,
      1.0325677311047912,
      1.026863922830671,
      1.0245646904222667,
      1.0094776614569128,
      0.995928012765944
    ],
    "train_acc": [
      27.191162109375,
      40.081787109375,
      44.110107421875,
      46.630859375,
      48.101806640625,
      49.737548828125,
      51.0650634765625,
      52.5421142578125,
      53.4210205078125,
      54.229736328125,
      55.1116943359375,
      55.7952880859375,
      56.3018798828125,
      56.8206787109375,
      57.470703125,
      58.23974609375,
      58.7738037109375,
      59.051513671875,
      59.66796875,
      60.25390625,
      60.687255859375,
      61.5936279296875,
      61.932373046875,
      62.115478515625,
      62.8997802734375,
      63.3575439453125,
      63.653564453125,
      63.5345458984375,
      63.9556884765625,
      64.703369140625
    ],
    "test_loss": [
      1.7785174176096916,
      1.6164137804880738,
      1.5335884429514408,
      1.498540778644383,
      1.4831367693841457,
      1.4521840577945113,
      1.4344528168439865,
      1.4244396286085248,
      1.3656541015952826,
      1.3728443309664726,
      1.3372727446258068,
      1.3246563915163279,
      1.3213080493733287,
      1.322728518396616,
      1.2919869543984532,
      1.2681128974072635,
      1.2888178210705519,
      1.2774029653519392,
      1.2560758325271308,
      1.274863210041076,
      1.2629271182231605,
      1.2405285621061921,
      1.2628580862656236,
      1.2714087357744575,
      1.2462369143031538,
      1.2494906871579587,
      1.2679756744764745,
      1.2964958832599223,
      1.2808369346894324,
      1.232557101175189
    ],
    "test_acc": [
      35.26611328125,
      41.71142578125,
      44.189453125,
      45.2392578125,
      45.91064453125,
      47.66845703125,
      48.779296875,
      48.76708984375,
      50.79345703125,
      50.54931640625,
      51.57470703125,
      51.7578125,
      52.79541015625,
      53.30810546875,
      53.8818359375,
      54.638671875,
      54.21142578125,
      54.5166015625,
      55.2490234375,
      55.0048828125,
      55.2490234375,
      55.65185546875,
      55.1025390625,
      54.74853515625,
      55.4443359375,
      55.89599609375,
      55.56640625,
      54.8583984375,
      55.2001953125,
      56.73828125
    ]
  }
}