{
  "config": {
    "run_name": "exp1_1",
    "out_dir": "./results",
    "seed": 42,
    "device": null,
    "bs_train": 256,
    "bs_test": 64,
    "batches": 128,
    "epochs": 30,
    "early_stopping": 5,
    "checkpoints": null,
    "lr": 0.001,
    "reg": 0.01,
    "filters_per_layer": [
      32
    ],
    "pool_every": 4,
    "hidden_dims": [
      100
    ],
    "model_type": "cnn",
    "conv_params": {
      "kernel_size": 3,
      "padding": 1
    },
    "activation_type": "relu",
    "activation_params": {},
    "pooling_type": "max",
    "pooling_params": {
      "kernel_size": 2
    },
    "batchnorm": false,
    "dropout": 0,
    "bottleneck": false,
    "kw": {},
    "layers_per_block": 2
  },
  "results": {
    "num_epochs": 30,
    "train_loss": [
      1.781453924253583,
      1.5151484161615372,
      1.4450370892882347,
      1.3983328733593225,
      1.365444127470255,
      1.340570280328393,
      1.3208501851186156,
      1.3005852764472365,
      1.2835714053362608,
      1.2689511105418205,
      1.2541652666404843,
      1.2403123723343015,
      1.2251082882285118,
      1.2107691308483481,
      1.198454238474369,
      1.1873728418722749,
      1.175665787421167,
      1.1650698548182845,
      1.1549286404624581,
      1.1452467339113355,
      1.1366279358044267,
      1.129239103756845,
      1.118636080995202,
      1.1109672388993204,
      1.1039570136927068,
      1.0942679634317756,
      1.0894307605922222,
      1.0825157286599278,
      1.0775283486582339,
      1.0694713448174298
    ],
    "train_acc": [
      36.0015869140625,
      45.5963134765625,
      47.96142578125,
      49.54833984375,
      50.9307861328125,
      51.8829345703125,
      52.8076171875,
      53.5491943359375,
      54.21142578125,
      54.8919677734375,
      55.364990234375,
      55.9844970703125,
      56.4788818359375,
      56.9488525390625,
      57.50732421875,
      57.8338623046875,
      58.294677734375,
      58.6181640625,
      59.0301513671875,
      59.33837890625,
      59.5916748046875,
      59.8236083984375,
      60.3271484375,
      60.3668212890625,
      60.7574462890625,
      61.1236572265625,
      61.126708984375,
      61.5997314453125,
      61.75537109375,
      62.0758056640625
    ],
    "test_loss": [
      1.6136156702414155,
      1.5849091857671738,
      1.5081317722797394,
      1.4792868830263615,
      1.4495774265378714,
      1.4336673961952329,
      1.4008736535906792,
      1.350908413529396,
      1.3482830179855227,
      1.3215766483917832,
      1.3071021381765604,
      1.2967347335070372,
      1.2753907395526767,
      1.2796922074630857,
      1.2485446599312127,
      1.2528231823816895,
      1.249075433705002,
      1.2526444750837982,
      1.2221465571783483,
      1.2380341729149222,
      1.2211352647282183,
      1.2159201079048216,
      1.2139753545634449,
      1.2098647179082036,
      1.214403114747256,
      1.208089544903487,
      1.2010939354076982,
      1.2108749062754214,
      1.2015472333878279,
      1.2109478297643363
    ],
    "test_acc": [
      41.7724609375,
      42.5048828125,
      45.37353515625,
      46.74072265625,
      47.20458984375,
      49.267578125,
      50.146484375,
      52.1728515625,
      52.35595703125,
      53.11279296875,
      53.38134765625,
      53.6376953125,
      54.638671875,
      54.57763671875,
      55.810546875,
      55.7373046875,
      55.33447265625,
      55.70068359375,
      56.43310546875,
      56.33544921875,
      56.82373046875,
      56.73828125,
      57.38525390625,
      57.09228515625,
      57.0068359375,
      57.06787109375,
      57.8369140625,
      57.14111328125,
      57.4951171875,
      57.04345703125
    ]
  }
}