{
  "config": {
    "run_name": "exp1_1",
    "out_dir": "./results",
    "seed": 42,
    "device": null,
    "bs_train": 256,
    "bs_test": 64,
    "batches": 128,
    "epochs": 30,
    "early_stopping": 5,
    "checkpoints": null,
    "lr": 0.001,
    "reg": 0.01,
    "filters_per_layer": [
      64
    ],
    "pool_every": 4,
    "hidden_dims": [
      100
    ],
    "model_type": "cnn",
    "conv_params": {
      "kernel_size": 3,
      "padding": 1
    },
    "activation_type": "relu",
    "activation_params": {},
    "pooling_type": "max",
    "pooling_params": {
      "kernel_size": 2
    },
    "batchnorm": false,
    "dropout": 0,
    "bottleneck": false,
    "kw": {},
    "layers_per_block": 4
  },
  "results": {
    "num_epochs": 21,
    "train_loss": [
      1.918617737479508,
      1.5699924854561687,
      1.4747738242149353,
      1.4113434962928295,
      1.3652889523655176,
      1.3178316410630941,
      1.2736584711819887,
      1.2339717103168368,
      1.1897467942908406,
      1.1584337875247002,
      1.1274821842089295,
      1.098388065584004,
      1.07723417179659,
      1.0552788055501878,
      1.0470448113046587,
      1.0519613702781498,
      1.0291173583827913,
      1.0058661568909883,
      1.0007851119153202,
      0.9971718527376652,
      0.9721246813423932
    ],
    "train_acc": [
      30.0201416015625,
      43.2708740234375,
      46.8780517578125,
      49.3804931640625,
      51.0894775390625,
      52.6702880859375,
      54.3365478515625,
      55.9722900390625,
      57.8948974609375,
      58.8287353515625,
      60.0921630859375,
      60.9893798828125,
      61.7919921875,
      62.6220703125,
      62.841796875,
      62.68310546875,
      63.7298583984375,
      64.4775390625,
      64.6026611328125,
      64.7918701171875,
      65.6646728515625
    ],
    "test_loss": [
      1.67876488994807,
      1.5527892326936126,
      1.494483020156622,
      1.4493443965911865,
      1.4344402514398098,
      1.4074562024325132,
      1.351626836694777,
      1.306848380714655,
      1.2858920833095908,
      1.3070872826501727,
      1.2799823051318526,
      1.2587546594440937,
      1.2351356474682689,
      1.2562898052856326,
      1.1896052472293377,
      1.17046975530684,
      1.23737913928926,
      1.2032325910404325,
      1.203749901149422,
      1.1685220445506275,
      1.1848627962172031
    ],
    "test_acc": [
      39.44091796875,
      43.59130859375,
      46.37451171875,
      48.37646484375,
      49.13330078125,
      50.78125,
      52.490234375,
      53.79638671875,
      54.87060546875,
      54.11376953125,
      54.91943359375,
      55.712890625,
      56.77490234375,
      55.82275390625,
      57.94677734375,
      59.14306640625,
      56.35986328125,
      57.80029296875,
      58.0078125,
      59.02099609375,
      58.85009765625
    ]
  }
}