{
  "config": {
    "run_name": "exp1_4",
    "out_dir": "./results",
    "seed": 42,
    "device": null,
    "bs_train": 256,
    "bs_test": 64,
    "batches": 128,
    "epochs": 30,
    "early_stopping": 5,
    "checkpoints": null,
    "lr": 0.001,
    "reg": 0.001,
    "filters_per_layer": [
      32
    ],
    "pool_every": 8,
    "hidden_dims": [
      100
    ],
    "model_type": "resnet",
    "conv_params": {
      "kernel_size": 3,
      "padding": 1
    },
    "activation_type": "relu",
    "activation_params": {},
    "pooling_type": "max",
    "pooling_params": {
      "kernel_size": 2
    },
    "batchnorm": false,
    "dropout": 0,
    "bottleneck": false,
    "kw": {},
    "layers_per_block": 32
  },
  "results": {
    "num_epochs": 30,
    "train_loss": [
      2.0966012524440885,
      1.7558487122878432,
      1.6401248443871737,
      1.5763828987255692,
      1.5075645130127668,
      1.4614465162158012,
      1.4180585918948054,
      1.3734662421047688,
      1.3486490473151207,
      1.3104043528437614,
      1.2806725585833192,
      1.2460212213918567,
      1.2228146297857165,
      1.1906517762690783,
      1.166038129478693,
      1.1396704609505832,
      1.1197675159201026,
      1.0976725392974913,
      1.0795344738289714,
      1.068045947700739,
      1.0522942491807044,
      1.0305552184581757,
      1.0176357654854655,
      1.0141405928879976,
      1.0056506227701902,
      0.9884450207464397,
      0.9765095268376172,
      0.9620230565778911,
      0.9441711050458252,
      0.9317994103766978
    ],
    "train_acc": [
      23.3245849609375,
      34.906005859375,
      39.239501953125,
      41.790771484375,
      44.512939453125,
      46.39892578125,
      48.3154296875,
      49.993896484375,
      51.0406494140625,
      52.4871826171875,
      53.4149169921875,
      55.11474609375,
      55.889892578125,
      57.098388671875,
      58.233642578125,
      59.124755859375,
      59.716796875,
      60.5377197265625,
      61.309814453125,
      61.6668701171875,
      62.5152587890625,
      63.04931640625,
      63.4246826171875,
      63.433837890625,
      63.9984130859375,
      64.6270751953125,
      64.9169921875,
      65.716552734375,
      66.351318359375,
      66.71142578125
    ],
    "test_loss": [
      1.9021362205967307,
      1.6924776071682572,
      1.6104327850043774,
      1.5542376702651381,
      1.5053109088912606,
      1.5348988678306341,
      1.460235663689673,
      1.4069432560354471,
      1.4174710921943188,
      1.3708569835871458,
      1.4035400748252869,
      1.3009560760110617,
      1.3391309408470988,
      1.2728596520610154,
      1.2403795453719795,
      1.2570166843943298,
      1.221422172151506,
      1.1937824781052768,
      1.2038022787310183,
      1.1325852465815842,
      1.147526612970978,
      1.1195667437277734,
      1.1317788548767567,
      1.1227770475670695,
      1.1136648817919195,
      1.0838594883680344,
      1.0741324061527848,
      1.0465045031160116,
      1.0427990956231952,
      1.0331131950952113
    ],
    "test_acc": [
      28.38134765625,
      36.41357421875,
      40.17333984375,
      41.34521484375,
      43.66455078125,
      43.994140625,
      46.56982421875,
      48.79150390625,
      48.93798828125,
      50.35400390625,
      49.20654296875,
      52.55126953125,
      51.904296875,
      54.9072265625,
      56.04248046875,
      54.98046875,
      56.1767578125,
      57.8857421875,
      57.0068359375,
      59.38720703125,
      59.11865234375,
      60.41259765625,
      59.89990234375,
      60.3759765625,
      60.72998046875,
      61.60888671875,
      61.962890625,
      62.56103515625,
      62.841796875,
      63.17138671875
    ]
  }
}