{
  "config": {
    "run_name": "exp1_1",
    "out_dir": "./results",
    "seed": 42,
    "device": null,
    "bs_train": 256,
    "bs_test": 64,
    "batches": 128,
    "epochs": 30,
    "early_stopping": 5,
    "checkpoints": null,
    "lr": 0.001,
    "reg": 0.01,
    "filters_per_layer": [
      32
    ],
    "pool_every": 4,
    "hidden_dims": [
      100
    ],
    "model_type": "cnn",
    "conv_params": {
      "kernel_size": 3,
      "padding": 1
    },
    "activation_type": "relu",
    "activation_params": {},
    "pooling_type": "max",
    "pooling_params": {
      "kernel_size": 2
    },
    "batchnorm": false,
    "dropout": 0,
    "bottleneck": false,
    "kw": {},
    "layers_per_block": 4
  },
  "results": {
    "num_epochs": 30,
    "train_loss": [
      1.9873646004125476,
      1.6515931440517306,
      1.5375455114990473,
      1.4745795233175159,
      1.4302729498595,
      1.3923747725784779,
      1.3567150877788663,
      1.3240139884874225,
      1.2963025001809,
      1.275488874875009,
      1.253872886300087,
      1.232914425432682,
      1.2146975249052048,
      1.2099571814760566,
      1.1881824284791946,
      1.1668379930779338,
      1.1499482495710254,
      1.13327447604388,
      1.1223156708292663,
      1.1180856302380562,
      1.0970694739371538,
      1.0797368669882417,
      1.0721765188500285,
      1.0508119780570269,
      1.0356888473033905,
      1.0274554281495512,
      1.0165270324796438,
      1.0237783477641642,
      1.0341450017876923,
      1.0180195798166096
    ],
    "train_acc": [
      27.2125244140625,
      40.496826171875,
      44.3328857421875,
      46.8048095703125,
      48.42529296875,
      49.7100830078125,
      51.1505126953125,
      52.508544921875,
      53.4942626953125,
      54.473876953125,
      55.157470703125,
      55.87158203125,
      56.427001953125,
      56.8695068359375,
      57.2662353515625,
      58.233642578125,
      58.8958740234375,
      59.6099853515625,
      60.0616455078125,
      60.394287109375,
      61.090087890625,
      61.8011474609375,
      62.0941162109375,
      62.841796875,
      63.482666015625,
      63.739013671875,
      64.190673828125,
      63.8031005859375,
      63.3819580078125,
      64.1998291015625
    ],
    "test_loss": [
      1.77912587672472,
      1.5915599502623081,
      1.5232683066278696,
      1.489906033501029,
      1.4618702661246061,
      1.4151942543685436,
      1.4175649546086788,
      1.3729786556214094,
      1.3479075273498893,
      1.3466860055923462,
      1.3273578034713864,
      1.32311871368438,
      1.3254347275942564,
      1.303315588273108,
      1.2929056431166828,
      1.2905678544193506,
      1.2801513741724193,
      1.2606015168130398,
      1.2473316108807921,
      1.2763668815605342,
      1.2814082223922014,
      1.2705802698619664,
      1.2819514623843133,
      1.2820839518681169,
      1.2426142133772373,
      1.2479253211058676,
      1.2639473364688456,
      1.3167256526648998,
      1.3074705684557557,
      1.2641495983116329
    ],
    "test_acc": [
      35.3271484375,
      42.431640625,
      44.90966796875,
      46.240234375,
      47.265625,
      48.5595703125,
      49.31640625,
      50.72021484375,
      51.67236328125,
      51.220703125,
      52.2216796875,
      53.1982421875,
      52.81982421875,
      52.9541015625,
      53.69873046875,
      53.57666015625,
      54.3212890625,
      54.94384765625,
      54.931640625,
      54.7607421875,
      55.37109375,
      54.94384765625,
      54.69970703125,
      54.74853515625,
      55.96923828125,
      55.33447265625,
      54.89501953125,
      54.11376953125,
      53.90625,
      55.18798828125
    ]
  }
}