{
  "config": {
    "run_name": "exp1_2",
    "out_dir": "./results",
    "seed": 42,
    "device": null,
    "bs_train": 256,
    "bs_test": 64,
    "batches": 128,
    "epochs": 30,
    "early_stopping": 5,
    "checkpoints": null,
    "lr": 0.001,
    "reg": 0.01,
    "filters_per_layer": [
      64
    ],
    "pool_every": 4,
    "hidden_dims": [
      100
    ],
    "model_type": "cnn",
    "conv_params": {
      "kernel_size": 3,
      "padding": 1
    },
    "activation_type": "relu",
    "activation_params": {},
    "pooling_type": "max",
    "pooling_params": {
      "kernel_size": 2
    },
    "batchnorm": false,
    "dropout": 0,
    "bottleneck": false,
    "kw": {},
    "layers_per_block": 4
  },
  "results": {
    "num_epochs": 19,
    "train_loss": [
      1.894765505567193,
      1.565641663968563,
      1.4802330611273646,
      1.407551433891058,
      1.3442539442330599,
      1.2951859692111611,
      1.2461970737203956,
      1.2133357468992472,
      1.1748512624762952,
      1.1495683304965496,
      1.1287642330862582,
      1.101263526827097,
      1.075671715196222,
      1.0532864117994905,
      1.0349619225598872,
      1.030941130593419,
      1.0202406756579876,
      1.011167777236551,
      1.0046770605258644
    ],
    "train_acc": [
      30.92041015625,
      43.2891845703125,
      46.612548828125,
      49.3560791015625,
      51.708984375,
      53.52783203125,
      55.2703857421875,
      56.817626953125,
      58.087158203125,
      59.2041015625,
      59.796142578125,
      60.77880859375,
      61.932373046875,
      62.481689453125,
      63.226318359375,
      63.2598876953125,
      63.983154296875,
      64.215087890625,
      64.6087646484375
    ],
    "test_loss": [
      1.6662899078801274,
      1.5429578823968768,
      1.5001101810485125,
      1.4610671736299992,
      1.4063331838697195,
      1.3870951924473047,
      1.3242904590442777,
      1.2895569833926857,
      1.276911967433989,
      1.258681676350534,
      1.2346863318234682,
      1.2236362295225263,
      1.2095414963550866,
      1.175237846095115,
      1.199812448117882,
      1.1846119887195528,
      1.2107088337652385,
      1.1788822785019875,
      1.2030525794252753
    ],
    "test_acc": [
      39.55078125,
      44.27490234375,
      45.69091796875,
      47.607421875,
      49.52392578125,
      51.025390625,
      53.1494140625,
      54.26025390625,
      55.6640625,
      55.37109375,
      56.1279296875,
      57.03125,
      56.72607421875,
      58.59375,
      57.275390625,
      58.056640625,
      57.18994140625,
      58.28857421875,
      57.861328125
    ]
  }
}