{
  "config": {
    "run_name": "exp1_2",
    "out_dir": "./results",
    "seed": 42,
    "device": null,
    "bs_train": 256,
    "bs_test": 64,
    "batches": 128,
    "epochs": 30,
    "early_stopping": 5,
    "checkpoints": null,
    "lr": 0.001,
    "reg": 0.01,
    "filters_per_layer": [
      32
    ],
    "pool_every": 4,
    "hidden_dims": [
      100
    ],
    "model_type": "cnn",
    "conv_params": {
      "kernel_size": 3,
      "padding": 1
    },
    "activation_type": "relu",
    "activation_params": {},
    "pooling_type": "max",
    "pooling_params": {
      "kernel_size": 2
    },
    "batchnorm": false,
    "dropout": 0,
    "bottleneck": false,
    "kw": {},
    "layers_per_block": 2
  },
  "results": {
    "num_epochs": 29,
    "train_loss": [
      1.7790405992418528,
      1.51120332069695,
      1.4411177644506097,
      1.389394505880773,
      1.359611107967794,
      1.3345208866521716,
      1.3145248349756002,
      1.2974639777094126,
      1.2827666150406003,
      1.2671564342454076,
      1.2531780442222953,
      1.2426426485180855,
      1.2286797678098083,
      1.2155501823872328,
      1.2036138968542218,
      1.1929887039586902,
      1.1833462789654732,
      1.1744753876700997,
      1.1675889929756522,
      1.1561435060575604,
      1.1483769956976175,
      1.1370196072384715,
      1.1322918185032904,
      1.1257382910698652,
      1.1167706777341664,
      1.1088501666672528,
      1.1074303458444774,
      1.0953842583112419,
      1.0874340613372624
    ],
    "train_acc": [
      36.114501953125,
      46.014404296875,
      48.1658935546875,
      49.8687744140625,
      51.1199951171875,
      51.9622802734375,
      52.972412109375,
      53.6712646484375,
      54.1015625,
      54.7088623046875,
      55.43212890625,
      55.902099609375,
      56.390380859375,
      56.732177734375,
      57.0281982421875,
      57.6019287109375,
      57.830810546875,
      58.2733154296875,
      58.4320068359375,
      58.8775634765625,
      59.161376953125,
      59.588623046875,
      59.814453125,
      59.8968505859375,
      60.394287109375,
      60.5865478515625,
      60.8062744140625,
      61.16943359375,
      61.5020751953125
    ],
    "test_loss": [
      1.5816865442320704,
      1.5693740146234632,
      1.4947196580469608,
      1.4717879071831703,
      1.4450724925845861,
      1.4259215462952852,
      1.4105131952092052,
      1.3520129006356,
      1.3604094991460443,
      1.3496913313865662,
      1.3240453796461225,
      1.287364928983152,
      1.2740093348547816,
      1.2639471907168627,
      1.2441820548847318,
      1.2427717288956046,
      1.2337262677028775,
      1.2322200406342745,
      1.2224599588662386,
      1.2205936978571117,
      1.219421545509249,
      1.2145994692109525,
      1.2066247444599867,
      1.195151983294636,
      1.2180071417242289,
      1.2138907350599766,
      1.2097257203422487,
      1.2203308651223779,
      1.1960334810428321
    ],
    "test_acc": [
      43.44482421875,
      43.44482421875,
      45.56884765625,
      47.15576171875,
      47.57080078125,
      49.23095703125,
      50.1708984375,
      52.1728515625,
      52.1484375,
      52.2216796875,
      53.0517578125,
      54.33349609375,
      54.94384765625,
      55.18798828125,
      56.1279296875,
      56.25,
      56.26220703125,
      56.48193359375,
      56.43310546875,
      56.884765625,
      56.57958984375,
      57.06787109375,
      57.40966796875,
      57.53173828125,
      56.5673828125,
      57.0068359375,
      57.48291015625,
      57.1533203125,
      57.53173828125
    ]
  }
}