{
  "config": {
    "run_name": "exp1_4",
    "out_dir": "./results",
    "seed": 42,
    "device": null,
    "bs_train": 256,
    "bs_test": 64,
    "batches": 128,
    "epochs": 100,
    "early_stopping": 3,
    "checkpoints": null,
    "lr": 0.001,
    "reg": 0.001,
    "filters_per_layer": [
      64,
      128,
      256
    ],
    "pool_every": 8,
    "hidden_dims": [
      100
    ],
    "model_type": "resnet",
    "conv_params": {
      "kernel_size": 3,
      "padding": 1
    },
    "activation_type": "relu",
    "activation_params": {},
    "pooling_type": "max",
    "pooling_params": {
      "kernel_size": 2
    },
    "batchnorm": false,
    "dropout": 0,
    "bottleneck": false,
    "kw": {},
    "layers_per_block": 8
  },
  "results": {
    "num_epochs": 19,
    "train_loss": [
      1.9452394666150212,
      1.5954060973599553,
      1.5024806577712297,
      1.451043451204896,
      1.4096595356240869,
      1.374425871297717,
      1.3424459770321846,
      1.3119613640010357,
      1.2859969101846218,
      1.2636052807793021,
      1.2407901175320148,
      1.2201820760965347,
      1.201280253008008,
      1.182817387394607,
      1.1670687105506659,
      1.1509542847052217,
      1.1342614232562482,
      1.1197946607135236,
      1.1053717024624348
    ],
    "train_acc": [
      29.1656494140625,
      42.56591796875,
      46.038818359375,
      47.9949951171875,
      49.47509765625,
      50.787353515625,
      52.0477294921875,
      53.1219482421875,
      54.071044921875,
      55.023193359375,
      55.9906005859375,
      56.6650390625,
      57.28759765625,
      58.001708984375,
      58.5052490234375,
      59.0301513671875,
      59.564208984375,
      60.137939453125,
      60.7025146484375
    ],
    "test_loss": [
      1.6477159168571234,
      1.5281938165426254,
      1.5190225914120674,
      1.450617516413331,
      1.4323321394622326,
      1.4076506877318025,
      1.3971070274710655,
      1.373918636702001,
      1.3628752720542252,
      1.356296914163977,
      1.354691850952804,
      1.3315451834350824,
      1.3190502254292369,
      1.316229360178113,
      1.3068388439714909,
      1.2829840858466923,
      1.292980152182281,
      1.2805417203344405,
      1.2769657410681248
    ],
    "test_acc": [
      41.32080078125,
      44.93408203125,
      45.25146484375,
      47.83935546875,
      48.6572265625,
      50.1953125,
      50.20751953125,
      51.03759765625,
      51.35498046875,
      51.91650390625,
      51.8798828125,
      52.35595703125,
      52.79541015625,
      53.30810546875,
      53.23486328125,
      54.4189453125,
      53.9306640625,
      54.345703125,
      54.33349609375
    ]
  }
}