{
  "config": {
    "run_name": "exp1_4",
    "out_dir": "./results",
    "seed": 42,
    "device": null,
    "bs_train": 256,
    "bs_test": 64,
    "batches": 128,
    "epochs": 30,
    "early_stopping": 5,
    "checkpoints": null,
    "lr": 0.001,
    "reg": 0.01,
    "filters_per_layer": [
      64,
      128,
      256
    ],
    "pool_every": 8,
    "hidden_dims": [
      100
    ],
    "model_type": "resnet",
    "conv_params": {
      "kernel_size": 3,
      "padding": 1
    },
    "activation_type": "relu",
    "activation_params": {},
    "pooling_type": "max",
    "pooling_params": {
      "kernel_size": 2
    },
    "batchnorm": false,
    "dropout": 0,
    "bottleneck": false,
    "kw": {},
    "layers_per_block": 4
  },
  "results": {
    "num_epochs": 16,
    "train_loss": [
      1.8921890584751964,
      1.6157736126333475,
      1.5376981757581234,
      1.4856242248788476,
      1.4491304606199265,
      1.4179984368383884,
      1.393443115055561,
      1.3718774858862162,
      1.361281885765493,
      1.345111676491797,
      1.3265447653830051,
      1.3003064161166549,
      1.2830592598766088,
      1.272976909764111,
      1.262259704992175,
      1.2524034483358264
    ],
    "train_acc": [
      31.2896728515625,
      41.8914794921875,
      44.25048828125,
      46.3714599609375,
      47.75390625,
      48.785400390625,
      49.6185302734375,
      50.5035400390625,
      50.927734375,
      51.46484375,
      52.3162841796875,
      52.9754638671875,
      53.6956787109375,
      54.2083740234375,
      54.3914794921875,
      55.047607421875
    ],
    "test_loss": [
      1.7581433122977614,
      1.608054930344224,
      1.5243214890360832,
      1.523581669665873,
      1.5164481746032834,
      1.4702773997560143,
      1.3909481465816498,
      1.390921087935567,
      1.4449045211076736,
      1.4369128765538335,
      1.3196394611150026,
      1.3281485252082348,
      1.3145525949075818,
      1.339545681141317,
      1.3434302266687155,
      1.328002544119954
    ],
    "test_acc": [
      37.1337890625,
      41.78466796875,
      45.17822265625,
      45.166015625,
      45.83740234375,
      47.65625,
      49.951171875,
      50.10986328125,
      48.4130859375,
      47.7783203125,
      53.1982421875,
      51.953125,
      53.0029296875,
      51.47705078125,
      51.85546875,
      52.63671875
    ]
  }
}