{
  "config": {
    "run_name": "exp1_4",
    "out_dir": "./results",
    "seed": 42,
    "device": null,
    "bs_train": 256,
    "bs_test": 64,
    "batches": 128,
    "epochs": 30,
    "early_stopping": 5,
    "checkpoints": null,
    "lr": 0.001,
    "reg": 0.01,
    "filters_per_layer": [
      64,
      128,
      256
    ],
    "pool_every": 8,
    "hidden_dims": [
      100
    ],
    "model_type": "resnet",
    "conv_params": {
      "kernel_size": 3,
      "padding": 1
    },
    "activation_type": "relu",
    "activation_params": {},
    "pooling_type": "max",
    "pooling_params": {
      "kernel_size": 2
    },
    "batchnorm": false,
    "dropout": 0,
    "bottleneck": false,
    "kw": {},
    "layers_per_block": 8
  },
  "results": {
    "num_epochs": 13,
    "train_loss": [
      2.1155832186341286,
      1.9612341858446598,
      1.9068993665277958,
      1.8149099573493004,
      1.7175068240612745,
      1.6754004042595625,
      1.6505973841995,
      1.6356279915198684,
      1.6238554427400231,
      1.6140841012820601,
      1.606244733557105,
      1.5999418320134282,
      1.592694546096027
    ],
    "train_acc": [
      21.502685546875,
      27.6397705078125,
      30.194091796875,
      35.003662109375,
      38.6444091796875,
      40.142822265625,
      40.972900390625,
      41.51611328125,
      41.8731689453125,
      42.3248291015625,
      42.5811767578125,
      42.9351806640625,
      43.1640625
    ],
    "test_loss": [
      1.9792212201282382,
      1.9281997699290514,
      1.8783977050334215,
      1.8075433280318975,
      1.734264163300395,
      1.6781750302761793,
      1.6620441321283579,
      1.6462422162294388,
      1.6456873640418053,
      1.6401598025113344,
      1.66066949442029,
      1.6567377941682935,
      1.6478640334680676
    ],
    "test_acc": [
      25.1708984375,
      27.64892578125,
      29.8583984375,
      35.33935546875,
      38.1103515625,
      40.0390625,
      40.0390625,
      40.5517578125,
      40.0390625,
      40.4296875,
      39.306640625,
      39.14794921875,
      39.74609375
    ]
  }
}