{
  "config": {
    "run_name": "exp1_2",
    "out_dir": "./results",
    "seed": 42,
    "device": null,
    "bs_train": 256,
    "bs_test": 64,
    "batches": 128,
    "epochs": 30,
    "early_stopping": 5,
    "checkpoints": null,
    "lr": 0.001,
    "reg": 0.01,
    "filters_per_layer": [
      128
    ],
    "pool_every": 4,
    "hidden_dims": [
      100
    ],
    "model_type": "cnn",
    "conv_params": {
      "kernel_size": 3,
      "padding": 1
    },
    "activation_type": "relu",
    "activation_params": {},
    "pooling_type": "max",
    "pooling_params": {
      "kernel_size": 2
    },
    "batchnorm": false,
    "dropout": 0,
    "bottleneck": false,
    "kw": {},
    "layers_per_block": 4
  },
  "results": {
    "num_epochs": 29,
    "train_loss": [
      1.9280726024881005,
      1.6001221714541316,
      1.4999903980642557,
      1.4436336401849985,
      1.3820683546364307,
      1.3039800645783544,
      1.2474132915958762,
      1.196781413629651,
      1.1623663753271103,
      1.1367613966576755,
      1.1156841460615396,
      1.0869904719293118,
      1.0703823063522577,
      1.0512320697307587,
      1.0413888753391802,
      1.0370592293329537,
      1.01460946444422,
      1.0052103539928794,
      0.9996456042863429,
      0.9771048692055047,
      0.9587875753641129,
      0.9541527261026204,
      0.9467427614144981,
      0.9421462258324027,
      0.9309485503472388,
      0.9331018612720072,
      0.9077994893305004,
      0.9035885254852474,
      0.8827586020343006
    ],
    "train_acc": [
      29.5745849609375,
      42.1905517578125,
      45.843505859375,
      47.998046875,
      50.4058837890625,
      53.2501220703125,
      55.6304931640625,
      57.269287109375,
      58.837890625,
      59.576416015625,
      60.455322265625,
      61.2701416015625,
      61.9964599609375,
      62.799072265625,
      63.24462890625,
      63.4063720703125,
      64.1937255859375,
      64.569091796875,
      64.715576171875,
      65.386962890625,
      66.1834716796875,
      66.4794921875,
      66.607666015625,
      66.4947509765625,
      67.1295166015625,
      66.8365478515625,
      68.0877685546875,
      68.2373046875,
      68.9056396484375
    ],
    "test_loss": [
      1.7272468078881502,
      1.5557577600702643,
      1.5059548579156399,
      1.4875705232843757,
      1.4449070245027542,
      1.3392501706257463,
      1.2969343676231802,
      1.283792589791119,
      1.2600711989216506,
      1.2246201881207526,
      1.198692756704986,
      1.18772930232808,
      1.1727496278472245,
      1.2091902145184577,
      1.1743466001935303,
      1.2008070973679423,
      1.1330394810065627,
      1.2255680272355676,
      1.1884186654351652,
      1.2021077708341181,
      1.1863210815936327,
      1.1346013061702251,
      1.120579999871552,
      1.1385933523997664,
      1.1711775963194668,
      1.1414288487285376,
      1.1511673382483423,
      1.1402962366119027,
      1.1523698358796537
    ],
    "test_acc": [
      37.60986328125,
      44.00634765625,
      45.76416015625,
      46.20361328125,
      48.98681640625,
      52.1728515625,
      54.16259765625,
      54.4677734375,
      55.859375,
      56.82373046875,
      57.40966796875,
      57.958984375,
      58.38623046875,
      57.275390625,
      58.10546875,
      57.87353515625,
      59.97314453125,
      56.9580078125,
      58.26416015625,
      58.02001953125,
      58.544921875,
      60.07080078125,
      60.44921875,
      60.48583984375,
      58.8623046875,
      59.716796875,
      59.41162109375,
      60.36376953125,
      59.89990234375
    ]
  }
}