{
  "config": {
    "run_name": "exp1_4",
    "out_dir": "./results",
    "seed": 42,
    "device": null,
    "bs_train": 256,
    "bs_test": 64,
    "batches": 128,
    "epochs": 30,
    "early_stopping": 5,
    "checkpoints": null,
    "lr": 0.001,
    "reg": 0.001,
    "filters_per_layer": [
      32
    ],
    "pool_every": 8,
    "hidden_dims": [
      100
    ],
    "model_type": "resnet",
    "conv_params": {
      "kernel_size": 3,
      "padding": 1
    },
    "activation_type": "relu",
    "activation_params": {},
    "pooling_type": "max",
    "pooling_params": {
      "kernel_size": 2
    },
    "batchnorm": false,
    "dropout": 0,
    "bottleneck": false,
    "kw": {},
    "layers_per_block": 16
  },
  "results": {
    "num_epochs": 19,
    "train_loss": [
      1.9684574287384748,
      1.6191732650622725,
      1.4861180679872632,
      1.3978535728529096,
      1.3245825115591288,
      1.2515936885029078,
      1.1937141977250576,
      1.119844471104443,
      1.0626228181645274,
      1.018491256982088,
      0.9702003779821098,
      0.9225210947915912,
      0.882464436814189,
      0.844209018163383,
      0.8173209447413683,
      0.8116554813459516,
      0.7669165916740894,
      0.7293918952345848,
      0.6919405120424926
    ],
    "train_acc": [
      28.7384033203125,
      41.5069580078125,
      46.20361328125,
      49.432373046875,
      52.0355224609375,
      55.1849365234375,
      57.598876953125,
      60.1654052734375,
      62.2802734375,
      63.8702392578125,
      65.8050537109375,
      67.578125,
      68.9971923828125,
      70.513916015625,
      71.56982421875,
      71.5545654296875,
      73.1231689453125,
      74.468994140625,
      75.87890625
    ],
    "test_loss": [
      1.7590128108859062,
      1.5553296860307455,
      1.4496317142620683,
      1.356677632778883,
      1.3402313934639096,
      1.3128005117177963,
      1.2065337523818016,
      1.1621435414999723,
      1.1339356489479542,
      1.0959336962550879,
      1.0729582430794835,
      1.0626978436484933,
      1.0562991304323077,
      1.0533823580481112,
      1.1216941098682582,
      1.1791603257879615,
      1.1682164762169123,
      1.1754545555450022,
      1.2099997228942811
    ],
    "test_acc": [
      37.890625,
      44.39697265625,
      48.4619140625,
      51.23291015625,
      52.587890625,
      53.857421875,
      56.9091796875,
      58.69140625,
      59.77783203125,
      61.5478515625,
      62.4267578125,
      62.58544921875,
      63.04931640625,
      63.28125,
      61.34033203125,
      60.38818359375,
      60.8154296875,
      60.72998046875,
      60.51025390625
    ]
  }
}